{
"lengthUnit": "mil",
"components": {
	"fields": ["COMPONENT_NO", "COMPONENT_NAME", "LAYER", "X_COORDINATE", "Y_COORDINATE", "ANGLE"],
	"rows": [
		[1, "BMI160/270%0ALSM6DSO", "T", 1365, -665, 0],
		[2, "CN1", "T", 1680, -150, 90],
		[3, "D1", "T", 1715, -655, 90],
		[4, "R1", "T", 470, -80, 0],
		[5, "U1", "T", 545, -830, 270],
		[6, "U5", "T", 1435, -1145, 0],
		[7, "U11", "T", 2155, -1035, 90],
		[8, "PAD1", "T", 1285, -90, 0],
		[9, "PAD1", "B", 1285, -90, 0],
		[10, "PAD2", "T", 1195, -90, 0],
		[11, "PAD2", "B", 1195, -90, 0],
		[12, "PAD3", "T", 1105, -90, 0],
		[13, "PAD3", "B", 1105, -90, 0],
		[14, "PAD4", "T", 1015, -90, 0],
		[15, "PAD4", "B", 1015, -90, 0]
	]
},
"pins": {
	"fields": ["PIN_NO", "PIN_NAME", "PIN_X", "PIN_Y", "LAYER", "PIN_TYPE", "NET_NAME", "NET_TYPE", "PAD_SHAPE", "PAD_SIZEX", "PAD_SIZEY", "HOLE_SIZE", "PAD_ANGLE"],
	"rows": [
		[1, "BMI160/270%250ALSM6DSO_1", 1165, -365, "T", "DIP", "BMI160/270%250ALSM6DSO_1", "", "C", 80, 80, 40, 180],
		[2, "BMI160/270%250ALSM6DSO_1", 1165, -365, "B", "DIP", "BMI160/270%250ALSM6DSO_1", "", "C", 80, 80, 40, 180],
		[3, "BMI160/270%250ALSM6DSO_2", 1165, -465, "T", "DIP", "$1N1026", "", "C", 80, 80, 40, 180],
		[4, "BMI160/270%250ALSM6DSO_2", 1165, -465, "B", "DIP", "$1N1026", "", "C", 80, 80, 40, 180],
		[5, "BMI160/270%250ALSM6DSO_3", 1165, -565, "T", "DIP", "GND", "GND", "C", 80, 80, 40, 180],
		[6, "BMI160/270%250ALSM6DSO_3", 1165, -565, "B", "DIP", "GND", "GND", "C", 80, 80, 40, 180],
		[7, "BMI160/270%250ALSM6DSO_4", 1165, -665, "T", "DIP", "$1N3413", "", "C", 80, 80, 40, 180],
		[8, "BMI160/270%250ALSM6DSO_4", 1165, -665, "B", "DIP", "$1N3413", "", "C", 80, 80, 40, 180],
		[9, "BMI160/270%250ALSM6DSO_5", 1165, -765, "T", "DIP", "$1N1064", "", "C", 80, 80, 40, 180],
		[10, "BMI160/270%250ALSM6DSO_5", 1165, -765, "B", "DIP", "$1N1064", "", "C", 80, 80, 40, 180],
		[11, "BMI160/270%250ALSM6DSO_6", 1165, -865, "T", "DIP", "BMI160/270%250ALSM6DSO_6", "", "C", 80, 80, 40, 180],
		[12, "BMI160/270%250ALSM6DSO_6", 1165, -865, "B", "DIP", "BMI160/270%250ALSM6DSO_6", "", "C", 80, 80, 40, 180],
		[13, "BMI160/270%250ALSM6DSO_7", 1165, -965, "T", "DIP", "BMI160/270%250ALSM6DSO_7", "", "C", 80, 80, 40, 180],
		[14, "BMI160/270%250ALSM6DSO_7", 1165, -965, "B", "DIP", "BMI160/270%250ALSM6DSO_7", "", "C", 80, 80, 40, 180],
		[15, "BMI160/270%250ALSM6DSO_8", 1565, -865, "T", "DIP", "BMI160/270%250ALSM6DSO_8", "", "C", 80, 80, 40, 180],
		[16, "BMI160/270%250ALSM6DSO_8", 1565, -865, "B", "DIP", "BMI160/270%250ALSM6DSO_8", "", "C", 80, 80, 40, 180],
		[17, "BMI160/270%250ALSM6DSO_9", 1565, -765, "T", "DIP", "BMI160/270%250ALSM6DSO_9", "", "C", 80, 80, 40, 180],
		[18, "BMI160/270%250ALSM6DSO_9", 1565, -765, "B", "DIP", "BMI160/270%250ALSM6DSO_9", "", "C", 80, 80, 40, 180],
		[19, "BMI160/270%250ALSM6DSO_10", 1565, -665, "T", "DIP", "BMI160/270%250ALSM6DSO_10", "", "C", 80, 80, 40, 180],
		[20, "BMI160/270%250ALSM6DSO_10", 1565, -665, "B", "DIP", "BMI160/270%250ALSM6DSO_10", "", "C", 80, 80, 40, 180],
		[21, "BMI160/270%250ALSM6DSO_11", 1565, -565, "T", "DIP", "BMI160/270%250ALSM6DSO_11", "", "C", 80, 80, 40, 180],
		[22, "BMI160/270%250ALSM6DSO_11", 1565, -565, "B", "DIP", "BMI160/270%250ALSM6DSO_11", "", "C", 80, 80, 40, 180],
		[23, "BMI160/270%250ALSM6DSO_12", 1565, -465, "T", "DIP", "BMI160/270%250ALSM6DSO_12", "", "C", 80, 80, 40, 180],
		[24, "BMI160/270%250ALSM6DSO_12", 1565, -465, "B", "DIP", "BMI160/270%250ALSM6DSO_12", "", "C", 80, 80, 40, 180],
		[25, "CN1_1", 1680, -199.22, "T", "DIP", "$1N3198", "", "R", 60, 60, 41.34, 90],
		[26, "CN1_1", 1680, -199.22, "B", "DIP", "$1N3198", "", "R", 60, 60, 41.34, 90],
		[27, "CN1_2", 1680, -100.78, "T", "DIP", "$1N3192", "", "R", 60, 60, 41.34, 90],
		[28, "CN1_2", 1680, -100.78, "B", "DIP", "$1N3192", "", "R", 60, 60, 41.34, 90],
		[29, "D1_1", 1715, -826.26, "T", "DIP", "$1N1829", "", "C", 70.87, 70.87, 39.37, 90],
		[30, "D1_1", 1715, -826.26, "B", "DIP", "$1N1829", "", "C", 70.87, 70.87, 39.37, 90],
		[31, "D1_2", 1715, -483.74, "T", "DIP", "$1N3216", "", "C", 70.87, 70.87, 39.37, 90],
		[32, "D1_2", 1715, -483.74, "B", "DIP", "$1N3216", "", "C", 70.87, 70.87, 39.37, 90],
		[33, "R1_1", 267.24, -80, "T", "DIP", "$1N871", "", "C", 60, 60, 39.37, 0],
		[34, "R1_1", 267.24, -80, "B", "DIP", "$1N871", "", "C", 60, 60, 39.37, 0],
		[35, "R1_2", 672.76, -80, "T", "DIP", "$1N3192", "", "C", 60, 60, 39.37, 0],
		[36, "R1_2", 672.76, -80, "B", "DIP", "$1N3192", "", "C", 60, 60, 39.37, 0],
		[37, "U1_3V3", 95, -1180, "T", "DIP", "$1N1026", "", "R", 129.6, 72, 40, 180],
		[38, "U1_3V3", 95, -1180, "B", "DIP", "$1N1026", "", "R", 129.6, 72, 40, 180],
		[39, "U1_5V", 995, -1180, "T", "DIP", "$1N1829", "", "R", 129.6, 72, 40, 0],
		[40, "U1_5V", 995, -1180, "B", "DIP", "$1N1829", "", "R", 129.6, 72, 40, 0],
		[41, "U1_A0", 95, -580, "T", "DIP", "$1N871", "", "R", 129.6, 72, 40, 180],
		[42, "U1_A0", 95, -580, "B", "DIP", "$1N871", "", "R", 129.6, 72, 40, 180],
		[43, "U1_D0", 95, -680, "T", "DIP", "U1_D0", "", "R", 129.6, 72, 40, 180],
		[44, "U1_D0", 95, -680, "B", "DIP", "U1_D0", "", "R", 129.6, 72, 40, 180],
		[45, "U1_D1", 995, -680, "T", "DIP", "$1N3413", "", "R", 129.6, 72, 40, 0],
		[46, "U1_D1", 995, -680, "B", "DIP", "$1N3413", "", "R", 129.6, 72, 40, 0],
		[47, "U1_D2", 995, -780, "T", "DIP", "$1N1064", "", "R", 129.6, 72, 40, 0],
		[48, "U1_D2", 995, -780, "B", "DIP", "$1N1064", "", "R", 129.6, 72, 40, 0],
		[49, "U1_D3", 995, -880, "T", "DIP", "U1_D3", "", "R", 129.6, 72, 40, 0],
		[50, "U1_D3", 995, -880, "B", "DIP", "U1_D3", "", "R", 129.6, 72, 40, 0],
		[51, "U1_D4", 995, -980, "T", "DIP", "U1_D4", "", "R", 129.6, 72, 40, 0],
		[52, "U1_D4", 995, -980, "B", "DIP", "U1_D4", "", "R", 129.6, 72, 40, 0],
		[53, "U1_D5", 95, -780, "T", "DIP", "U1_D5", "", "R", 129.6, 72, 40, 180],
		[54, "U1_D5", 95, -780, "B", "DIP", "U1_D5", "", "R", 129.6, 72, 40, 180],
		[55, "U1_D6", 95, -880, "T", "DIP", "U1_D6", "", "R", 129.6, 72, 40, 180],
		[56, "U1_D6", 95, -880, "B", "DIP", "U1_D6", "", "R", 129.6, 72, 40, 180],
		[57, "U1_D7", 95, -980, "T", "DIP", "U1_D7", "", "R", 129.6, 72, 40, 180],
		[58, "U1_D7", 95, -980, "B", "DIP", "U1_D7", "", "R", 129.6, 72, 40, 180],
		[59, "U1_D8", 95, -1080, "T", "DIP", "U1_D8", "", "R", 129.6, 72, 40, 180],
		[60, "U1_D8", 95, -1080, "B", "DIP", "U1_D8", "", "R", 129.6, 72, 40, 180],
		[61, "U1_GND", 995, -1080, "T", "DIP", "GND", "GND", "R", 129.6, 72, 40, 0],
		[62, "U1_GND", 995, -1080, "B", "DIP", "GND", "GND", "R", 129.6, 72, 40, 0],
		[63, "U1_RST", 95, -480, "T", "DIP", "U1_RST", "", "R", 129.6, 72, 40, 180],
		[64, "U1_RST", 95, -480, "B", "DIP", "U1_RST", "", "R", 129.6, 72, 40, 180],
		[65, "U1_RX", 995, -580, "T", "DIP", "U1_RX", "", "R", 129.6, 72, 40, 0],
		[66, "U1_RX", 995, -580, "B", "DIP", "U1_RX", "", "R", 129.6, 72, 40, 0],
		[67, "U1_TX", 995, -480, "T", "DIP", "U1_TX", "", "R", 129.6, 72, 40, 0],
		[68, "U1_TX", 995, -480, "B", "DIP", "U1_TX", "", "R", 129.6, 72, 40, 0],
		[69, "U5_1", 1249.96, -1145, "T", "DIP", "U5_1", "", "R", 82.68, 98.42, 66.93, 0],
		[70, "U5_1", 1249.96, -1145, "B", "DIP", "U5_1", "", "R", 82.68, 98.42, 66.93, 0],
		[71, "U5_2", 1435, -1145, "T", "DIP", "GND", "GND", "C", 98.42, 98.42, 66.93, 0],
		[72, "U5_2", 1435, -1145, "B", "DIP", "GND", "GND", "C", 98.42, 98.42, 66.93, 0],
		[73, "U5_3", 1620.05, -1145, "T", "DIP", "$1N1346", "", "C", 98.42, 98.42, 66.93, 0],
		[74, "U5_3", 1620.05, -1145, "B", "DIP", "$1N1346", "", "C", 98.42, 98.42, 66.93, 0],
		[75, "U11_1", 1864.41, -1472.01, "T", "DIP", "U11_1", "", "R", 94.49, 94.49, 31.5, 90],
		[76, "U11_1", 1864.41, -1472.01, "B", "DIP", "U11_1", "", "R", 94.49, 94.49, 31.5, 90],
		[77, "U11_2", 2406.97, -1472.01, "T", "DIP", "U11_2", "", "R", 94.49, 94.49, 31.5, 90],
		[78, "U11_2", 2406.97, -1472.01, "B", "DIP", "U11_2", "", "R", 94.49, 94.49, 31.5, 90],
		[79, "U11_3", 1992.84, -578.31, "T", "DIP", "$1N3192", "", "R", 94.49, 94.49, 31.5, 90],
		[80, "U11_3", 1992.84, -578.31, "B", "DIP", "$1N3192", "", "R", 94.49, 94.49, 31.5, 90],
		[81, "U11_4", 2280.27, -578.31, "T", "DIP", "$1N3198", "", "R", 94.49, 94.49, 31.5, 90],
		[82, "U11_4", 2280.27, -578.31, "B", "DIP", "$1N3198", "", "R", 94.49, 94.49, 31.5, 90],
		[83, "U11_5", 1863.66, -578.31, "T", "DIP", "$1N3216", "", "R", 94.49, 94.49, 31.5, 90],
		[84, "U11_5", 1863.66, -578.31, "B", "DIP", "$1N3216", "", "R", 94.49, 94.49, 31.5, 90],
		[85, "U11_6", 2406.22, -578.31, "T", "DIP", "$1N1346", "", "R", 94.49, 94.49, 31.5, 90],
		[86, "U11_6", 2406.22, -578.31, "B", "DIP", "$1N1346", "", "R", 94.49, 94.49, 31.5, 90],
		[87, "PAD1_13", 1285, -90, "T", "DIP", "GND", "GND", "C", 60, 60, 36, 0],
		[88, "PAD1_13", 1285, -90, "B", "DIP", "GND", "GND", "C", 60, 60, 36, 0],
		[89, "PAD2_14", 1195, -90, "T", "DIP", "$1N1064", "", "C", 60, 60, 36, 0],
		[90, "PAD2_14", 1195, -90, "B", "DIP", "$1N1064", "", "C", 60, 60, 36, 0],
		[91, "PAD3_15", 1105, -90, "T", "DIP", "$1N3413", "", "C", 60, 60, 36, 0],
		[92, "PAD3_15", 1105, -90, "B", "DIP", "$1N3413", "", "C", 60, 60, 36, 0],
		[93, "PAD4_16", 1015, -90, "T", "DIP", "$1N1026", "", "C", 60, 60, 36, 0],
		[94, "PAD4_16", 1015, -90, "B", "DIP", "$1N1026", "", "C", 60, 60, 36, 0]
	]
}
}